"Source:","C:\Users\Daxxn\Documents\Electrical\KiCad\Designs\Projects\LightDrum\LightDrum\LightDrum.kicad_sch"
"Date:","8/20/2022 12:48:03 PM"
"Tool:","Eeschema (6.0.2)"
"Generator:","C:\Program Files\KiCad\6.0\bin\scripting\plugins/bom_csv_grouped_by_value.py"
"Component Count:","310"

"Individual Components:"

"Item","Qty","Reference(s)","Value","LibPart","Footprint","Datasheet","IC","Schematic"
"","","A1","MEGA-2560-IC","Daxxn_Arduino:MEGA-2560-IC","Package_QFP:TQFP-100_14x14mm_P0.5mm","C:\Users\Daxxn\Documents\Electrical\Datasheets\ATMEGA-2560.pdf","ATMEGA-2560","C:/Users/Daxxn/Documents/Electrical/Arduino Schematics/MEGA 2650/ARDUINO-MEGA-2650-SCH.pdf"
"","","C1","${D-CAP}","Device:C_Small","Capacitor_SMD:C_0805_2012Metric","~","",""
"","","C2","${D-CAP}","Device:C_Small","Capacitor_SMD:C_0805_2012Metric","~","",""
"","","C3","${D-CAP}","Device:C_Small","Capacitor_SMD:C_0805_2012Metric","~","",""
"","","C4","${D-CAP}","Device:C_Small","Capacitor_SMD:C_0805_2012Metric","~","",""
"","","C5","${D-CAP}","Device:C_Small","Capacitor_SMD:C_0805_2012Metric","~","",""
"","","C6","${D-CAP}","Device:C_Small","Capacitor_SMD:C_0805_2012Metric","~","",""
"","","C7","${D-CAP}","Device:C_Small","Capacitor_SMD:C_0805_2012Metric","~","",""
"","","C8","${D-CAP}","Device:C_Small","Capacitor_SMD:C_0805_2012Metric","~","",""
"","","C9","${D-CAP}","Device:C_Small","Capacitor_SMD:C_0805_2012Metric","~","",""
"","","C10","${D-CAP}","Device:C_Small","Capacitor_SMD:C_0805_2012Metric","~","",""
"","","C11","${D-CAP}","Device:C_Small","Capacitor_SMD:C_0805_2012Metric","~","",""
"","","C12","${D-CAP}","Device:C_Small","Capacitor_SMD:C_0805_2012Metric","~","",""
"","","C13","${D-CAP}","Device:C_Small","Capacitor_SMD:C_0805_2012Metric","~","",""
"","","C14","${D-CAP}","Device:C_Small","Capacitor_SMD:C_0805_2012Metric","~","",""
"","","C15","${D-CAP}","Device:C_Small","Capacitor_SMD:C_0805_2012Metric","~","",""
"","","C16","1uF","Device:C_Small","Capacitor_SMD:C_0805_2012Metric","~","",""
"","","C17","100nF","Device:C_Small","Capacitor_SMD:C_0805_2012Metric","~","",""
"","","C18","100nF","Device:C_Small","Capacitor_SMD:C_0805_2012Metric","~","",""
"","","C19","75nF","Device:C_Small","Capacitor_SMD:C_0805_2012Metric","~","",""
"","","C20","75nF","Device:C_Small","Capacitor_SMD:C_0805_2012Metric","~","",""
"","","C21","30nF","Device:C_Small","Capacitor_SMD:C_0805_2012Metric","~","",""
"","","C22","30nF","Device:C_Small","Capacitor_SMD:C_0805_2012Metric","~","",""
"","","C23","18nF","Device:C_Small","Capacitor_SMD:C_0805_2012Metric","~","",""
"","","C24","18nF","Device:C_Small","Capacitor_SMD:C_0805_2012Metric","~","",""
"","","C25","100nF","Device:C_Small","Capacitor_SMD:C_0805_2012Metric","~","",""
"","","C26","100nF","Device:C_Small","Capacitor_SMD:C_0805_2012Metric","~","",""
"","","C27","91nF","Device:C_Small","Capacitor_SMD:C_0805_2012Metric","~","",""
"","","C28","91nF","Device:C_Small","Capacitor_SMD:C_0805_2012Metric","~","",""
"","","C29","33nF","Device:C_Small","Capacitor_SMD:C_0805_2012Metric","~","",""
"","","C30","33nF","Device:C_Small","Capacitor_SMD:C_0805_2012Metric","~","",""
"","","C31","22nF","Device:C_Small","Capacitor_SMD:C_0805_2012Metric","~","",""
"","","C32","22nF","Device:C_Small","Capacitor_SMD:C_0805_2012Metric","~","",""
"","","C33","${PEAK-CAP}","Device:C_Small","Capacitor_SMD:C_0805_2012Metric","~","",""
"","","C34","${PEAK-CAP}","Device:C_Small","Capacitor_SMD:C_0805_2012Metric","~","",""
"","","C35","${PEAK-CAP}","Device:C_Small","Capacitor_SMD:C_0805_2012Metric","~","",""
"","","C36","${PEAK-CAP}","Device:C_Small","Capacitor_SMD:C_0805_2012Metric","~","",""
"","","C37","1uF","Device:C_Small","Capacitor_SMD:C_0805_2012Metric","~","",""
"","","C38","47uF","Device:C_Polarized_Small","Capacitor_SMD:CP_Elec_4x4.5","~","",""
"","","C39","1uF","Device:C_Small","Capacitor_SMD:C_0805_2012Metric","~","",""
"","","C40","10uF","Device:C_Small","Capacitor_SMD:C_1210_3225Metric","~","",""
"","","C41","${D-CAP}","Device:C_Small","Capacitor_SMD:C_0603_1608Metric","~","",""
"","","C42","10uF","Device:C_Small","Capacitor_SMD:C_1210_3225Metric","~","",""
"","","C43","${D-CAP}","Device:C_Small","Capacitor_SMD:C_0603_1608Metric","~","",""
"","","C44","10nF","Device:C_Small","Capacitor_SMD:C_0805_2012Metric","~","",""
"","","C45","${D-CAP}","Device:C_Small","Capacitor_SMD:C_0603_1608Metric","~","",""
"","","C46","${D-CAP}","Device:C_Small","Capacitor_SMD:C_0603_1608Metric","~","",""
"","","C47","10nF","Device:C_Small","Capacitor_SMD:C_0805_2012Metric","~","",""
"","","C48","${D-CAP}","Device:C_Small","Capacitor_SMD:C_0603_1608Metric","~","",""
"","","C49","${D-CAP}","Device:C_Small","Capacitor_SMD:C_1210_3225Metric","~","",""
"","","C50","${D-CAP}","Device:C_Small","Capacitor_SMD:C_0603_1608Metric","~","",""
"","","C51","1uF","Device:C_Small","Capacitor_SMD:C_1210_3225Metric","~","",""
"","","C52","10uF","Device:C_Small","Capacitor_SMD:C_1210_3225Metric","~","",""
"","","C53","${D-CAP}","Device:C_Small","Capacitor_SMD:C_0603_1608Metric","~","",""
"","","C54","47uF","Device:C_Polarized_Small","Capacitor_SMD:CP_Elec_4x4.5","~","",""
"","","C55","${D-CAP}","Device:C_Small","Capacitor_SMD:C_0805_2012Metric","~","",""
"","","C56","${D-CAP}","Device:C_Small","Capacitor_SMD:C_0805_2012Metric","~","",""
"","","C57","${D-CAP}","Device:C_Small","Capacitor_SMD:C_0805_2012Metric","~","",""
"","","C58","${D-CAP}","Device:C_Small","Capacitor_SMD:C_0805_2012Metric","~","",""
"","","C59","${D-CAP}","Device:C_Small","Capacitor_SMD:C_0805_2012Metric","~","",""
"","","C60","${D-CAP}","Device:C_Small","Capacitor_SMD:C_0805_2012Metric","~","",""
"","","C61","${D-CAP}","Device:C_Small","Capacitor_SMD:C_0805_2012Metric","~","",""
"","","C62","${D-CAP}","Device:C_Small","Capacitor_SMD:C_0805_2012Metric","~","",""
"","","C63","${D-CAP}","Device:C_Small","Capacitor_SMD:C_0805_2012Metric","~","",""
"","","C64","150nF","Device:C_Small","Capacitor_SMD:C_0805_2012Metric","~","",""
"","","C65","150nF","Device:C_Small","Capacitor_SMD:C_0805_2012Metric","~","",""
"","","C66","100nF","Device:C_Small","Capacitor_SMD:C_0805_2012Metric","~","",""
"","","C67","100nF","Device:C_Small","Capacitor_SMD:C_0805_2012Metric","~","",""
"","","C68","100nF","Device:C_Small","Capacitor_SMD:C_0805_2012Metric","~","",""
"","","C69","100nF","Device:C_Small","Capacitor_SMD:C_0805_2012Metric","~","",""
"","","C70","51nF","Device:C_Small","Capacitor_SMD:C_0805_2012Metric","~","",""
"","","C71","5.1nF","Device:C_Small","Capacitor_SMD:C_0805_2012Metric","~","",""
"","","C72","180nF","Device:C_Small","Capacitor_SMD:C_0805_2012Metric","~","",""
"","","C73","180nF","Device:C_Small","Capacitor_SMD:C_0805_2012Metric","~","",""
"","","C74","100nF","Device:C_Small","Capacitor_SMD:C_0805_2012Metric","~","",""
"","","C75","100nF","Device:C_Small","Capacitor_SMD:C_0805_2012Metric","~","",""
"","","C76","100nF","Device:C_Small","Capacitor_SMD:C_0805_2012Metric","~","",""
"","","C77","100nF","Device:C_Small","Capacitor_SMD:C_0805_2012Metric","~","",""
"","","C78","51nF","Device:C_Small","Capacitor_SMD:C_0805_2012Metric","~","",""
"","","C79","5.1nF","Device:C_Small","Capacitor_SMD:C_0805_2012Metric","~","",""
"","","C80","${PEAK-CAP}","Device:C_Small","Capacitor_SMD:C_0805_2012Metric","~","",""
"","","C81","${PEAK-CAP}","Device:C_Small","Capacitor_SMD:C_0805_2012Metric","~","",""
"","","C82","${PEAK-CAP}","Device:C_Small","Capacitor_SMD:C_0805_2012Metric","~","",""
"","","C83","${PEAK-CAP}","Device:C_Small","Capacitor_SMD:C_0805_2012Metric","~","",""
"","","C84","100nF","Device:C_Small","Capacitor_SMD:C_0805_2012Metric","~","",""
"","","D1","SDMK0340L","Device:D_Small","Diode_SMD:D_SOD-323_HandSoldering","~","",""
"","","D2","GP DOIDE","pspice:DIODE","Diode_SMD:D_SOD-323_HandSoldering","~","",""
"","","D3","GP DIODE","pspice:DIODE","Diode_SMD:D_SOD-323_HandSoldering","~","",""
"","","D4","GP DIODE","pspice:DIODE","Diode_SMD:D_SOD-323_HandSoldering","~","",""
"","","D5","GP DIODE","pspice:DIODE","Diode_SMD:D_SOD-323_HandSoldering","~","",""
"","","D6","ES2A/A","Device:D_Schottky_Small","Diode_SMD:D_SMA-SMB_Universal_Handsoldering","~","",""
"","","D7","SSM16","Device:D_Schottky","Diode_SMD:D_SMB_Handsoldering","~","",""
"","","D8","HP IND - RED","Device:LED_Small","Daxxn_LEDs:LTST-S321TBKT","~","",""
"","","D9","XLR IND - RED","Device:LED_Small","Daxxn_LEDs:LTST-S321TBKT","~","",""
"","","D10","GP DIODE","pspice:DIODE","Diode_SMD:D_SOD-323_HandSoldering","~","",""
"","","D11","GP DIODE","pspice:DIODE","Diode_SMD:D_SOD-323_HandSoldering","~","",""
"","","D12","GP DIODE","pspice:DIODE","Diode_SMD:D_SOD-323_HandSoldering","~","",""
"","","D13","GP DIODE","pspice:DIODE","Diode_SMD:D_SOD-323_HandSoldering","~","",""
"","","F1","10A","Device:Fuse_Small","Daxxn_Protection:3557-10","~","",""
"","","H1","M2.5","Mechanical:MountingHole_Pad","MountingHole:MountingHole_2.5mm_Pad","~","",""
"","","H2","M2.5","Mechanical:MountingHole_Pad","MountingHole:MountingHole_2.5mm_Pad","~","",""
"","","H3","M2.5","Mechanical:MountingHole_Pad","MountingHole:MountingHole_2.5mm_Pad","~","",""
"","","H4","M2.5","Mechanical:MountingHole_Pad","MountingHole:MountingHole_2.5mm_Pad","~","",""
"","","ICSP1","ICSP","Daxxn_Connectors:ICSP","Connector:Tag-Connect_TC2050-IDC-FP_2x05_P1.27mm_Vertical","~","",""
"","","J1","LED D-SUB","Connector:DB37_Female_MountingHoles","Daxxn_Connectors:DSUB-37-182-037-113R531"," ~","",""
"","","J2","STD BARREL JACK","Connector:Barrel_Jack_Switch","Daxxn_Connectors:BarrelJack_Horizontal","~","",""
"","","J3","STD BARREL JACK","Connector:Barrel_Jack_Switch","Daxxn_Connectors:BarrelJack_Horizontal","~","",""
"","","J4","XLR3","Connector:XLR3","Daxxn_Connectors:CP30082-XLR"," ~","",""
"","","J5","SJ-43515RS-SMT-TR","Daxxn_Connectors:SJ-43515RS-SMT-TR","Daxxn_Connectors:SJ-43515RS-SMT-TR","~","",""
"","","J6","Conn_02x17_Odd_Even","Connector_Generic:Conn_02x17_Odd_Even","Daxxn_Connectors:PinHeader_2x17_P2.54mm_Vertical_20mm","~","",""
"","","JP-A1","Audio Jumper","Jumper:Jumper_2_Bridged","Jumper:SolderJumper-2_P1.3mm_Open_TrianglePad1.0x1.5mm","~","",""
"","","K1","ALQ112","Relay:G5Q-1","Daxxn_Relays:ALQ112","https://www.omron.com/ecb/products/pdf/en-g5q.pdf","",""
"","","K2","ALQ112","Relay:G5Q-1","Daxxn_Relays:ALQ112","https://www.omron.com/ecb/products/pdf/en-g5q.pdf","",""
"","","K3","2-SW-RELAY","Daxxn_Relays:2-SW-RELAY","Daxxn_Relays:AGQ200S4HZ","","",""
"","","L1","10uF","Device:L_Small","Inductor_SMD:L_1210_3225Metric","~","",""
"","","L2","22uH","Device:L","Inductor_SMD:L_Pulse_PA4320","~","",""
"","","Q1","MMBT2222A","Daxxn_Transistors:MMBT2222A","Package_TO_SOT_SMD:SOT-23","C:\Users\Daxxn\Documents\Electrical\Datasheets\MMBT2222A.pdf","",""
"","","R1","4.7K${RES}","Device:R_Small_US","Resistor_SMD:R_0805_2012Metric","~","",""
"","","R2","4.7K${RES}","Device:R_Small_US","Resistor_SMD:R_0805_2012Metric","~","",""
"","","R3","14.9K${RES}","Device:R_Small_US","Resistor_SMD:R_0805_2012Metric","~","",""
"","","R4","3.97K${RES}","Device:R_Small_US","Resistor_SMD:R_0805_2012Metric","~","",""
"","","R5","5.3K${RES}","Device:R_Small_US","Resistor_SMD:R_0805_2012Metric","~","",""
"","","R6","4.14K${RES}","Device:R_Small_US","Resistor_SMD:R_0805_2012Metric","~","",""
"","","R7","312${RES}","Device:R_Small_US","Resistor_SMD:R_0805_2012Metric","~","",""
"","","R8","83.2${RES}","Device:R_Small_US","Resistor_SMD:R_0805_2012Metric","~","",""
"","","R9","60.9${RES}","Device:R_Small_US","Resistor_SMD:R_0805_2012Metric","~","",""
"","","R10","86.7${RES}","Device:R_Small_US","Resistor_SMD:R_0805_2012Metric","~","",""
"","","R11","43.4K${RES}","Device:R_Small_US","Resistor_SMD:R_0805_2012Metric","~","",""
"","","R12","11.6K${RES}","Device:R_Small_US","Resistor_SMD:R_0805_2012Metric","~","",""
"","","R13","16.2K${RES}","Device:R_Small_US","Resistor_SMD:R_0805_2012Metric","~","",""
"","","R14","12K${RES}","Device:R_Small_US","Resistor_SMD:R_0805_2012Metric","~","",""
"","","R15","17.8K${RES}","Device:R_Small_US","Resistor_SMD:R_0805_2012Metric","~","",""
"","","R16","3.91K${RES}","Device:R_Small_US","Resistor_SMD:R_0805_2012Metric","~","",""
"","","R17","5.55K${RES}","Device:R_Small_US","Resistor_SMD:R_0805_2012Metric","~","",""
"","","R18","4.04K${RES}","Device:R_Small_US","Resistor_SMD:R_0805_2012Metric","~","",""
"","","R19","373${RES}","Device:R_Small_US","Resistor_SMD:R_0805_2012Metric","~","",""
"","","R20","81.9${RES}","Device:R_Small_US","Resistor_SMD:R_0805_2012Metric","~","",""
"","","R21","63.7${RES}","Device:R_Small_US","Resistor_SMD:R_0805_2012Metric","~","",""
"","","R22","84.7${RES}","Device:R_Small_US","Resistor_SMD:R_0805_2012Metric","~","",""
"","","R23","51.8K${RES}","Device:R_Small_US","Resistor_SMD:R_0805_2012Metric","~","",""
"","","R24","11.4K${RES}","Device:R_Small_US","Resistor_SMD:R_0805_2012Metric","~","",""
"","","R25","17K${RES}","Device:R_Small_US","Resistor_SMD:R_0805_2012Metric","~","",""
"","","R26","11.8K${RES}","Device:R_Small_US","Resistor_SMD:R_0805_2012Metric","~","",""
"","","R27","${PEAK-RES}","Device:R_Small_US","Resistor_SMD:R_0805_2012Metric","~","",""
"","","R28","${PEAK-RES}","Device:R_Small_US","Resistor_SMD:R_0805_2012Metric","~","",""
"","","R29","${PEAK-RES}","Device:R_Small_US","Resistor_SMD:R_0805_2012Metric","~","",""
"","","R30","${PEAK-RES}","Device:R_Small_US","Resistor_SMD:R_0805_2012Metric","~","",""
"","","R31","10K${RES}","Device:R_Small_US","Resistor_SMD:R_0805_2012Metric","~","",""
"","","R32","10K${RES}","Device:R_Small_US","Resistor_SMD:R_0805_2012Metric","~","",""
"","","R33","100K${RES}","Device:R_Small_US","Resistor_SMD:R_0805_2012Metric","~","",""
"","","R34","1.5K${RES}","Device:R_Small_US","Resistor_SMD:R_0805_2012Metric","~","",""
"","","R35","24K${RES}","Device:R_Small_US","Resistor_SMD:R_0805_2012Metric","~","",""
"","","R36","5K${RES}","Device:R_Small_US","Resistor_SMD:R_0805_2012Metric","~","",""
"","","R37","100${RES}","Device:R_Small_US","Resistor_SMD:R_0805_2012Metric","~","",""
"","","R38","1K${RES}","Device:R_Small_US","Resistor_SMD:R_0805_2012Metric","~","",""
"","","R39","${GATE-RES}","Device:R_Small_US","Resistor_SMD:R_0805_2012Metric","~","",""
"","","R40","${P-RES}","Device:R_Small_US","Resistor_SMD:R_0805_2012Metric","~","",""
"","","R41","${GATE-RES}","Device:R_Small_US","Resistor_SMD:R_0805_2012Metric","~","",""
"","","R42","${P-RES}","Device:R_Small_US","Resistor_SMD:R_0805_2012Metric","~","",""
"","","R43","${GATE-RES}","Device:R_Small_US","Resistor_SMD:R_0805_2012Metric","~","",""
"","","R44","${P-RES}","Device:R_Small_US","Resistor_SMD:R_0805_2012Metric","~","",""
"","","R45","${GATE-RES}","Device:R_Small_US","Resistor_SMD:R_0805_2012Metric","~","",""
"","","R46","${P-RES}","Device:R_Small_US","Resistor_SMD:R_0805_2012Metric","~","",""
"","","R47","${GATE-RES}","Device:R_Small_US","Resistor_SMD:R_0805_2012Metric","~","",""
"","","R48","${P-RES}","Device:R_Small_US","Resistor_SMD:R_0805_2012Metric","~","",""
"","","R49","${GATE-RES}","Device:R_Small_US","Resistor_SMD:R_0805_2012Metric","~","",""
"","","R50","${P-RES}","Device:R_Small_US","Resistor_SMD:R_0805_2012Metric","~","",""
"","","R51","${GATE-RES}","Device:R_Small_US","Resistor_SMD:R_0805_2012Metric","~","",""
"","","R52","${P-RES}","Device:R_Small_US","Resistor_SMD:R_0805_2012Metric","~","",""
"","","R53","${GATE-RES}","Device:R_Small_US","Resistor_SMD:R_0805_2012Metric","~","",""
"","","R54","${P-RES}","Device:R_Small_US","Resistor_SMD:R_0805_2012Metric","~","",""
"","","R55","${GATE-RES}","Device:R_Small_US","Resistor_SMD:R_0805_2012Metric","~","",""
"","","R56","${P-RES}","Device:R_Small_US","Resistor_SMD:R_0805_2012Metric","~","",""
"","","R57","${GATE-RES}","Device:R_Small_US","Resistor_SMD:R_0805_2012Metric","~","",""
"","","R58","${P-RES}","Device:R_Small_US","Resistor_SMD:R_0805_2012Metric","~","",""
"","","R59","${GATE-RES}","Device:R_Small_US","Resistor_SMD:R_0805_2012Metric","~","",""
"","","R60","${P-RES}","Device:R_Small_US","Resistor_SMD:R_0805_2012Metric","~","",""
"","","R61","${GATE-RES}","Device:R_Small_US","Resistor_SMD:R_0805_2012Metric","~","",""
"","","R62","${P-RES}","Device:R_Small_US","Resistor_SMD:R_0805_2012Metric","~","",""
"","","R63","${GATE-RES}","Device:R_Small_US","Resistor_SMD:R_0805_2012Metric","~","",""
"","","R64","${P-RES}","Device:R_Small_US","Resistor_SMD:R_0805_2012Metric","~","",""
"","","R65","${GATE-RES}","Device:R_Small_US","Resistor_SMD:R_0805_2012Metric","~","",""
"","","R66","${P-RES}","Device:R_Small_US","Resistor_SMD:R_0805_2012Metric","~","",""
"","","R67","${GATE-RES}","Device:R_Small_US","Resistor_SMD:R_0805_2012Metric","~","",""
"","","R68","${P-RES}","Device:R_Small_US","Resistor_SMD:R_0805_2012Metric","~","",""
"","","R69","${GATE-RES}","Device:R_Small_US","Resistor_SMD:R_0805_2012Metric","~","",""
"","","R70","${P-RES}","Device:R_Small_US","Resistor_SMD:R_0805_2012Metric","~","",""
"","","R71","15K${RES}","Device:R_Small_US","Resistor_SMD:R_0805_2012Metric","~","",""
"","","R72","2.7K${RES}","Device:R_Small_US","Resistor_SMD:R_0805_2012Metric","~","",""
"","","R73","7.5K${RES}","Device:R_Small_US","Resistor_SMD:R_0805_2012Metric","~","",""
"","","R74","${GATE-RES}","Device:R_Small_US","Resistor_SMD:R_0805_2012Metric","~","",""
"","","R75","${P-RES}","Device:R_Small_US","Resistor_SMD:R_0805_2012Metric","~","",""
"","","R76","${GATE-RES}","Device:R_Small_US","Resistor_SMD:R_0805_2012Metric","~","",""
"","","R77","${P-RES}","Device:R_Small_US","Resistor_SMD:R_0805_2012Metric","~","",""
"","","R78","${GATE-RES}","Device:R_Small_US","Resistor_SMD:R_0805_2012Metric","~","",""
"","","R79","${P-RES}","Device:R_Small_US","Resistor_SMD:R_0805_2012Metric","~","",""
"","","R80","${GATE-RES}","Device:R_Small_US","Resistor_SMD:R_0805_2012Metric","~","",""
"","","R81","${P-RES}","Device:R_Small_US","Resistor_SMD:R_0805_2012Metric","~","",""
"","","R82","${GATE-RES}","Device:R_Small_US","Resistor_SMD:R_0805_2012Metric","~","",""
"","","R83","${P-RES}","Device:R_Small_US","Resistor_SMD:R_0805_2012Metric","~","",""
"","","R84","${GATE-RES}","Device:R_Small_US","Resistor_SMD:R_0805_2012Metric","~","",""
"","","R85","${P-RES}","Device:R_Small_US","Resistor_SMD:R_0805_2012Metric","~","",""
"","","R86","${GATE-RES}","Device:R_Small_US","Resistor_SMD:R_0805_2012Metric","~","",""
"","","R87","${P-RES}","Device:R_Small_US","Resistor_SMD:R_0805_2012Metric","~","",""
"","","R88","${GATE-RES}","Device:R_Small_US","Resistor_SMD:R_0805_2012Metric","~","",""
"","","R89","${P-RES}","Device:R_Small_US","Resistor_SMD:R_0805_2012Metric","~","",""
"","","R90","${DCL-RES}","Device:R_Small_US","Resistor_SMD:R_0805_2012Metric","~","",""
"","","R91","${P-RES}","Device:R_Small_US","Resistor_SMD:R_0805_2012Metric","~","",""
"","","R92","100${RES}","Device:R_Small_US","Resistor_SMD:R_0805_2012Metric","~","",""
"","","R93","${P-RES}","Device:R_Small_US","Resistor_SMD:R_0805_2012Metric","~","",""
"","","R95","${DIFF-RES}","Device:R_Small_US","Resistor_SMD:R_0805_2012Metric","~","",""
"","","R96","${DIFF-RES}","Device:R_Small_US","Resistor_SMD:R_0805_2012Metric","~","",""
"","","R97","100${RES}","Device:R_Small_US","Resistor_SMD:R_0805_2012Metric","~","",""
"","","R98","100${RES}","Device:R_Small_US","Resistor_SMD:R_0805_2012Metric","~","",""
"","","R99","${DIFF-RES}","Device:R_Small_US","Resistor_SMD:R_0805_2012Metric","~","",""
"","","R100","${DIFF-RES}","Device:R_Small_US","Resistor_SMD:R_0805_2012Metric","~","",""
"","","R101","470${RES}","Device:R_Small_US","Resistor_SMD:R_0805_2012Metric","~","",""
"","","R102","100${RES}","Device:R_Small_US","Resistor_SMD:R_0805_2012Metric","~","",""
"","","R103","${P-RES}","Device:R_Small_US","Resistor_SMD:R_0805_2012Metric","~","",""
"","","R104","${P-RES}","Device:R_Small_US","Resistor_SMD:R_0805_2012Metric","~","",""
"","","R105","${P-RES}","Device:R_Small_US","Resistor_SMD:R_0805_2012Metric","~","",""
"","","R106","${P-RES}","Device:R_Small_US","Resistor_SMD:R_0805_2012Metric","~","",""
"","","R107","${P-RES}","Device:R_Small_US","Resistor_SMD:R_0805_2012Metric","~","",""
"","","R108","60m${RES}","Device:R_US","Resistor_SMD:R_2010_5025Metric","~","",""
"","","R109","60m${RES}","Device:R_US","Resistor_SMD:R_2010_5025Metric","~","",""
"","","R110","60m${RES}","Device:R_US","Resistor_SMD:R_2010_5025Metric","~","",""
"","","R111","60m${RES}","Device:R_US","Resistor_SMD:R_2010_5025Metric","~","",""
"","","R112","60m${RES}","Device:R_US","Resistor_SMD:R_2010_5025Metric","~","",""
"","","R113","60m${RES}","Device:R_US","Resistor_SMD:R_2010_5025Metric","~","",""
"","","R114","60m${RES}","Device:R_US","Resistor_SMD:R_2010_5025Metric","~","",""
"","","R115","60m${RES}","Device:R_US","Resistor_SMD:R_2010_5025Metric","~","",""
"","","R116","147K${RES}","Device:R_Small_US","Resistor_SMD:R_0805_2012Metric","~","",""
"","","R117","39.7K${RES}","Device:R_Small_US","Resistor_SMD:R_0805_2012Metric","~","",""
"","","R118","14.9K${RES}","Device:R_Small_US","Resistor_SMD:R_0805_2012Metric","~","",""
"","","R119","15.9K${RES}","Device:R_Small_US","Resistor_SMD:R_0805_2012Metric","~","",""
"","","R120","832${RES}","Device:R_Small_US","Resistor_SMD:R_0805_2012Metric","~","",""
"","","R121","312${RES}","Device:R_Small_US","Resistor_SMD:R_0805_2012Metric","~","",""
"","","R122","155${RES}","Device:R_Small_US","Resistor_SMD:R_0805_2012Metric","~","",""
"","","R123","622K${RES}","Device:R_Small_US","Resistor_SMD:R_0805_2012Metric","~","",""
"","","R124","116K${RES}","Device:R_Small_US","Resistor_SMD:R_0805_2012Metric","~","",""
"","","R125","43.4K${RES}","Device:R_Small_US","Resistor_SMD:R_0805_2012Metric","~","",""
"","","R126","15.4K${RES}","Device:R_Small_US","Resistor_SMD:R_0805_2012Metric","~","",""
"","","R127","9.58K${RES}","Device:R_Small_US","Resistor_SMD:R_0805_2012Metric","~","",""
"","","R128","127${RES}","Device:R_Small_US","Resistor_SMD:R_0805_2012Metric","~","",""
"","","R129","39.5K${RES}","Device:R_Small_US","Resistor_SMD:R_0805_2012Metric","~","",""
"","","R130","17.8K${RES}","Device:R_Small_US","Resistor_SMD:R_0805_2012Metric","~","",""
"","","R131","17.1K${RES}","Device:R_Small_US","Resistor_SMD:R_0805_2012Metric","~","",""
"","","R132","58K${RES}","Device:R_Small_US","Resistor_SMD:R_0805_2012Metric","~","",""
"","","R133","828${RES}","Device:R_Small_US","Resistor_SMD:R_0805_2012Metric","~","",""
"","","R134","373${RES}","Device:R_Small_US","Resistor_SMD:R_0805_2012Metric","~","",""
"","","R135","166${RES}","Device:R_Small_US","Resistor_SMD:R_0805_2012Metric","~","",""
"","","R136","1.86M${RES}","Device:R_Small_US","Resistor_SMD:R_0805_2012Metric","~","",""
"","","R137","115K${RES}","Device:R_Small_US","Resistor_SMD:R_0805_2012Metric","~","",""
"","","R138","51.8K${RES}","Device:R_Small_US","Resistor_SMD:R_0805_2012Metric","~","",""
"","","R139","16.5K${RES}","Device:R_Small_US","Resistor_SMD:R_0805_2012Metric","~","",""
"","","R140","9.8K${RES}","Device:R_Small_US","Resistor_SMD:R_0805_2012Metric","~","",""
"","","R141","130${RES}","Device:R_Small_US","Resistor_SMD:R_0805_2012Metric","~","",""
"","","R142","${PEAK-RES}","Device:R_Small_US","Resistor_SMD:R_0805_2012Metric","~","",""
"","","R143","${PEAK-RES}","Device:R_Small_US","Resistor_SMD:R_0805_2012Metric","~","",""
"","","R144","${PEAK-RES}","Device:R_Small_US","Resistor_SMD:R_0805_2012Metric","~","",""
"","","R145","${PEAK-RES}","Device:R_Small_US","Resistor_SMD:R_0805_2012Metric","~","",""
"","","R146","330${RES}","Device:R_Small_US","Resistor_SMD:R_0805_2012Metric","~","",""
"","","RV1","10K${RES}","Device:R_Potentiometer_US","Potentiometer_THT:Potentiometer_Bourns_3296W_Vertical","~","",""
"","","RV2","10K${RES}","Device:R_Potentiometer_US","Potentiometer_THT:Potentiometer_Bourns_3296W_Vertical","~","",""
"","","SW1","PEC12R","Device:RotaryEncoder_Switch","Daxxn_Switches:PEC12R","~","",""
"","","SW2","PEC12R","Device:RotaryEncoder_Switch","Daxxn_Switches:PEC12R","~","",""
"","","U1","24LC04","Memory_EEPROM:24LC04","Package_SO:SOIC-8_3.9x4.9mm_P1.27mm","http://ww1.microchip.com/downloads/en/DeviceDoc/21708K.pdf","",""
"","","U2","ADC0838_SOIC20","Daxxn_IC:ADC0838_SOIC20","Package_SO:SOIC-20W_7.5x12.8mm_P1.27mm","C:\Users\Daxxn\Documents\Electrical\Datasheets\ADC0831.pdf","",""
"","","U3","LMV324","Amplifier_Operational:LMV324","Package_SO:TSSOP-14_4.4x5mm_P0.65mm","http://www.ti.com/lit/ds/symlink/lmv324.pdf","",""
"","","U4","LMV324","Amplifier_Operational:LMV324","Package_SO:TSSOP-14_4.4x5mm_P0.65mm","http://www.ti.com/lit/ds/symlink/lmv324.pdf","",""
"","","U5","LMV324","Amplifier_Operational:LMV324","Package_SO:TSSOP-14_4.4x5mm_P0.65mm","http://www.ti.com/lit/ds/symlink/lmv324.pdf","",""
"","","U6","LM358","Amplifier_Operational:LM358","Package_SO:TSSOP-8_4.4x3mm_P0.65mm","http://www.ti.com/lit/ds/symlink/lm2904-n.pdf","",""
"","","U7","OPA1652","Daxxn_OPAMP:OPA1652","Package_SO:VSSOP-8_3.0x3.0mm_P0.65mm","C:\Users\Daxxn\Documents\Electrical\Datasheets\OPA1654.pdf","",""
"","","U8","PCA9634_TSSOP20","Daxxn_IC:PCA9634_TSSOP20","Package_SO:TSSOP-20_4.4x6.5mm_P0.65mm","C:\Users\Daxxn\Documents\Electrical\Datasheets\PCA9634.pdf","",""
"","","U9","SQ2310ES_SOT23",":SQ2310ES_SOT23_1","Package_TO_SOT_SMD:SOT-23","C:\Users\Daxxn\Documents\Electrical\Datasheets\SQ2310ES.pdf","",""
"","","U10","SQ2310ES_SOT23","Daxxn_Transistors:SQ2310ES_SOT23","Package_TO_SOT_SMD:SOT-23","C:\Users\Daxxn\Documents\Electrical\Datasheets\SQ2310ES.pdf","",""
"","","U11","SQ2310ES_SOT23",":SQ2310ES_SOT23_3","Package_TO_SOT_SMD:SOT-23","C:\Users\Daxxn\Documents\Electrical\Datasheets\SQ2310ES.pdf","",""
"","","U12","SQ2310ES_SOT23",":SQ2310ES_SOT23_2","Package_TO_SOT_SMD:SOT-23","C:\Users\Daxxn\Documents\Electrical\Datasheets\SQ2310ES.pdf","",""
"","","U13","SQ2310ES_SOT23",":SQ2310ES_SOT23_4","Package_TO_SOT_SMD:SOT-23","C:\Users\Daxxn\Documents\Electrical\Datasheets\SQ2310ES.pdf","",""
"","","U14","SQ2310ES_SOT23",":SQ2310ES_SOT23_5","Package_TO_SOT_SMD:SOT-23","C:\Users\Daxxn\Documents\Electrical\Datasheets\SQ2310ES.pdf","",""
"","","U15","SQ2310ES_SOT23",":SQ2310ES_SOT23_6","Package_TO_SOT_SMD:SOT-23","C:\Users\Daxxn\Documents\Electrical\Datasheets\SQ2310ES.pdf","",""
"","","U16","SQ2310ES_SOT23",":SQ2310ES_SOT23_7","Package_TO_SOT_SMD:SOT-23","C:\Users\Daxxn\Documents\Electrical\Datasheets\SQ2310ES.pdf","",""
"","","U17","PCA9634_TSSOP20","Daxxn_IC:PCA9634_TSSOP20","Package_SO:TSSOP-20_4.4x6.5mm_P0.65mm","C:\Users\Daxxn\Documents\Electrical\Datasheets\PCA9634.pdf","",""
"","","U18","SQ2310ES_SOT23",":SQ2310ES_SOT23_2","Package_TO_SOT_SMD:SOT-23","C:\Users\Daxxn\Documents\Electrical\Datasheets\SQ2310ES.pdf","",""
"","","U19","SQ2310ES_SOT23",":SQ2310ES_SOT23_4","Package_TO_SOT_SMD:SOT-23","C:\Users\Daxxn\Documents\Electrical\Datasheets\SQ2310ES.pdf","",""
"","","U20","SQ2310ES_SOT23","Daxxn_Transistors:SQ2310ES_SOT23","Package_TO_SOT_SMD:SOT-23","C:\Users\Daxxn\Documents\Electrical\Datasheets\SQ2310ES.pdf","",""
"","","U21","SQ2310ES_SOT23",":SQ2310ES_SOT23_3","Package_TO_SOT_SMD:SOT-23","C:\Users\Daxxn\Documents\Electrical\Datasheets\SQ2310ES.pdf","",""
"","","U22","SQ2310ES_SOT23",":SQ2310ES_SOT23_1","Package_TO_SOT_SMD:SOT-23","C:\Users\Daxxn\Documents\Electrical\Datasheets\SQ2310ES.pdf","",""
"","","U23","SQ2310ES_SOT23",":SQ2310ES_SOT23_7","Package_TO_SOT_SMD:SOT-23","C:\Users\Daxxn\Documents\Electrical\Datasheets\SQ2310ES.pdf","",""
"","","U24","SQ2310ES_SOT23",":SQ2310ES_SOT23_5","Package_TO_SOT_SMD:SOT-23","C:\Users\Daxxn\Documents\Electrical\Datasheets\SQ2310ES.pdf","",""
"","","U25","SQ2310ES_SOT23",":SQ2310ES_SOT23_6","Package_TO_SOT_SMD:SOT-23","C:\Users\Daxxn\Documents\Electrical\Datasheets\SQ2310ES.pdf","",""
"","","U26","LM22673-SOIC","Daxxn_Regulators:LM22673-SOIC","Daxxn_Packages:SOIC-8-1EP_3.9x4.9mm_P1.27mm_EP2.29x3mm_ThermalVias","C:\Users\Daxxn\Documents\Electrical\Datasheets\LM22673.pdf","",""
"","","U27","LMV324","Amplifier_Operational:LMV324","Package_SO:TSSOP-14_4.4x5mm_P0.65mm","http://www.ti.com/lit/ds/symlink/lmv324.pdf","",""
"","","U28","LMV324","Amplifier_Operational:LMV324","Package_SO:TSSOP-14_4.4x5mm_P0.65mm","http://www.ti.com/lit/ds/symlink/lmv324.pdf","",""
"","","U29","LMV324","Amplifier_Operational:LMV324","Package_SO:TSSOP-14_4.4x5mm_P0.65mm","http://www.ti.com/lit/ds/symlink/lmv324.pdf","",""
"","","U30","PCA9634_TSSOP20","Daxxn_IC:PCA9634_TSSOP20","Package_SO:TSSOP-20_4.4x6.5mm_P0.65mm","C:\Users\Daxxn\Documents\Electrical\Datasheets\PCA9634.pdf","",""
"","","U31","SQ2310ES_SOT23",":SQ2310ES_SOT23_1","Package_TO_SOT_SMD:SOT-23","C:\Users\Daxxn\Documents\Electrical\Datasheets\SQ2310ES.pdf","",""
"","","U32","SQ2310ES_SOT23","Daxxn_Transistors:SQ2310ES_SOT23","Package_TO_SOT_SMD:SOT-23","C:\Users\Daxxn\Documents\Electrical\Datasheets\SQ2310ES.pdf","",""
"","","U33","SQ2310ES_SOT23",":SQ2310ES_SOT23_4","Package_TO_SOT_SMD:SOT-23","C:\Users\Daxxn\Documents\Electrical\Datasheets\SQ2310ES.pdf","",""
"","","U34","SQ2310ES_SOT23",":SQ2310ES_SOT23_2","Package_TO_SOT_SMD:SOT-23","C:\Users\Daxxn\Documents\Electrical\Datasheets\SQ2310ES.pdf","",""
"","","U35","SQ2310ES_SOT23",":SQ2310ES_SOT23_3","Package_TO_SOT_SMD:SOT-23","C:\Users\Daxxn\Documents\Electrical\Datasheets\SQ2310ES.pdf","",""
"","","U36","SQ2310ES_SOT23",":SQ2310ES_SOT23_5","Package_TO_SOT_SMD:SOT-23","C:\Users\Daxxn\Documents\Electrical\Datasheets\SQ2310ES.pdf","",""
"","","U37","SQ2310ES_SOT23",":SQ2310ES_SOT23_6","Package_TO_SOT_SMD:SOT-23","C:\Users\Daxxn\Documents\Electrical\Datasheets\SQ2310ES.pdf","",""
"","","U38","SQ2310ES_SOT23",":SQ2310ES_SOT23_7","Package_TO_SOT_SMD:SOT-23","C:\Users\Daxxn\Documents\Electrical\Datasheets\SQ2310ES.pdf","",""
"","","U39","74HCT2G08","Daxxn_Logic:74HCT2G08","Package_SO:TSSOP-8_3x3mm_P0.65mm","C:\Users\Daxxn\Documents\Electrical\Datasheets\74HC2G08.pdf","",""
"","","U40","SSM3K361R_SOT23F","Daxxn_Transistors:SSM3K361R_SOT23F","Package_TO_SOT_SMD:SOT-23","C:\Users\Daxxn\Documents\Electrical\Datasheets\SSM3K361R.pdf","",""
"","","U41","SSM3K361R_SOT23F","Daxxn_Transistors:SSM3K361R_SOT23F","Package_TO_SOT_SMD:SOT-23","C:\Users\Daxxn\Documents\Electrical\Datasheets\SSM3K361R.pdf","",""
"","","U42","INA4181 A2","Daxxn_IC:INA4181","Package_SO:TSSOP-20_4.4x6.5mm_P0.65mm","C:\Users\Daxxn\Documents\Electrical\Datasheets\INA181.pdf","",""
"","","U43","INA4181 A2","Daxxn_IC:INA4181","Package_SO:TSSOP-20_4.4x6.5mm_P0.65mm","C:\Users\Daxxn\Documents\Electrical\Datasheets\INA181.pdf","",""
"","","Y1","16MHz","Device:Resonator_Small","Crystal:Resonator_SMD_Murata_CSTxExxV-3Pin_3.0x1.1mm","~","",""



"Collated Components:"

"Item","Qty","Reference(s)","Value","LibPart","Footprint","Datasheet","IC","Schematic"
"1","1","A1","MEGA-2560-IC","Daxxn_Arduino:MEGA-2560-IC","Package_QFP:TQFP-100_14x14mm_P0.5mm","C:\Users\Daxxn\Documents\Electrical\Datasheets\ATMEGA-2560.pdf","ATMEGA-2560","C:/Users/Daxxn/Documents/Electrical/Arduino Schematics/MEGA 2650/ARDUINO-MEGA-2650-SCH.pdf"
"2","24","C1, C2, C3, C4, C5, C6, C7, C8, C9, C10, C11, C12, C13, C14, C15, C55, C56, C57, C58, C59, C60, C61, C62, C63","${D-CAP}","Device:C_Small","Capacitor_SMD:C_0805_2012Metric","~","",""
"3","3","C16, C37, C39","1uF","Device:C_Small","Capacitor_SMD:C_0805_2012Metric","~","",""
"4","13","C17, C18, C25, C26, C66, C67, C68, C69, C74, C75, C76, C77, C84","100nF","Device:C_Small","Capacitor_SMD:C_0805_2012Metric","~","",""
"5","2","C19, C20","75nF","Device:C_Small","Capacitor_SMD:C_0805_2012Metric","~","",""
"6","2","C21, C22","30nF","Device:C_Small","Capacitor_SMD:C_0805_2012Metric","~","",""
"7","2","C23, C24","18nF","Device:C_Small","Capacitor_SMD:C_0805_2012Metric","~","",""
"8","2","C27, C28","91nF","Device:C_Small","Capacitor_SMD:C_0805_2012Metric","~","",""
"9","2","C29, C30","33nF","Device:C_Small","Capacitor_SMD:C_0805_2012Metric","~","",""
"10","2","C31, C32","22nF","Device:C_Small","Capacitor_SMD:C_0805_2012Metric","~","",""
"11","8","C33, C34, C35, C36, C80, C81, C82, C83","${PEAK-CAP}","Device:C_Small","Capacitor_SMD:C_0805_2012Metric","~","",""
"12","2","C38, C54","47uF","Device:C_Polarized_Small","Capacitor_SMD:CP_Elec_4x4.5","~","",""
"13","3","C40, C42, C52","10uF","Device:C_Small","Capacitor_SMD:C_1210_3225Metric","~","",""
"14","7","C41, C43, C45, C46, C48, C50, C53","${D-CAP}","Device:C_Small","Capacitor_SMD:C_0603_1608Metric","~","",""
"15","2","C44, C47","10nF","Device:C_Small","Capacitor_SMD:C_0805_2012Metric","~","",""
"16","1","C49","${D-CAP}","Device:C_Small","Capacitor_SMD:C_1210_3225Metric","~","",""
"17","1","C51","1uF","Device:C_Small","Capacitor_SMD:C_1210_3225Metric","~","",""
"18","2","C64, C65","150nF","Device:C_Small","Capacitor_SMD:C_0805_2012Metric","~","",""
"19","2","C70, C78","51nF","Device:C_Small","Capacitor_SMD:C_0805_2012Metric","~","",""
"20","2","C71, C79","5.1nF","Device:C_Small","Capacitor_SMD:C_0805_2012Metric","~","",""
"21","2","C72, C73","180nF","Device:C_Small","Capacitor_SMD:C_0805_2012Metric","~","",""
"22","1","D1","SDMK0340L","Device:D_Small","Diode_SMD:D_SOD-323_HandSoldering","~","",""
"23","1","D2","GP DOIDE","pspice:DIODE","Diode_SMD:D_SOD-323_HandSoldering","~","",""
"24","7","D3, D4, D5, D10, D11, D12, D13","GP DIODE","pspice:DIODE","Diode_SMD:D_SOD-323_HandSoldering","~","",""
"25","1","D6","ES2A/A","Device:D_Schottky_Small","Diode_SMD:D_SMA-SMB_Universal_Handsoldering","~","",""
"26","1","D7","SSM16","Device:D_Schottky","Diode_SMD:D_SMB_Handsoldering","~","",""
"27","1","D8","HP IND - RED","Device:LED_Small","Daxxn_LEDs:LTST-S321TBKT","~","",""
"28","1","D9","XLR IND - RED","Device:LED_Small","Daxxn_LEDs:LTST-S321TBKT","~","",""
"29","1","F1","10A","Device:Fuse_Small","Daxxn_Protection:3557-10","~","",""
"30","4","H1, H2, H3, H4","M2.5","Mechanical:MountingHole_Pad","MountingHole:MountingHole_2.5mm_Pad","~","",""
"31","1","ICSP1","ICSP","Daxxn_Connectors:ICSP","Connector:Tag-Connect_TC2050-IDC-FP_2x05_P1.27mm_Vertical","~","",""
"32","1","J1","LED D-SUB","Connector:DB37_Female_MountingHoles","Daxxn_Connectors:DSUB-37-182-037-113R531"," ~","",""
"33","2","J2, J3","STD BARREL JACK","Connector:Barrel_Jack_Switch","Daxxn_Connectors:BarrelJack_Horizontal","~","",""
"34","1","J4","XLR3","Connector:XLR3","Daxxn_Connectors:CP30082-XLR"," ~","",""
"35","1","J5","SJ-43515RS-SMT-TR","Daxxn_Connectors:SJ-43515RS-SMT-TR","Daxxn_Connectors:SJ-43515RS-SMT-TR","~","",""
"36","1","J6","Conn_02x17_Odd_Even","Connector_Generic:Conn_02x17_Odd_Even","Daxxn_Connectors:PinHeader_2x17_P2.54mm_Vertical_20mm","~","",""
"37","1","JP-A1","Audio Jumper","Jumper:Jumper_2_Bridged","Jumper:SolderJumper-2_P1.3mm_Open_TrianglePad1.0x1.5mm","~","",""
"38","2","K1, K2","ALQ112","Relay:G5Q-1","Daxxn_Relays:ALQ112","https://www.omron.com/ecb/products/pdf/en-g5q.pdf","",""
"39","1","K3","2-SW-RELAY","Daxxn_Relays:2-SW-RELAY","Daxxn_Relays:AGQ200S4HZ","","",""
"40","1","L1","10uF","Device:L_Small","Inductor_SMD:L_1210_3225Metric","~","",""
"41","1","L2","22uH","Device:L","Inductor_SMD:L_Pulse_PA4320","~","",""
"42","1","Q1","MMBT2222A","Daxxn_Transistors:MMBT2222A","Package_TO_SOT_SMD:SOT-23","C:\Users\Daxxn\Documents\Electrical\Datasheets\MMBT2222A.pdf","",""
"43","2","R1, R2","4.7K${RES}","Device:R_Small_US","Resistor_SMD:R_0805_2012Metric","~","",""
"44","2","R3, R118","14.9K${RES}","Device:R_Small_US","Resistor_SMD:R_0805_2012Metric","~","",""
"45","1","R4","3.97K${RES}","Device:R_Small_US","Resistor_SMD:R_0805_2012Metric","~","",""
"46","1","R5","5.3K${RES}","Device:R_Small_US","Resistor_SMD:R_0805_2012Metric","~","",""
"47","1","R6","4.14K${RES}","Device:R_Small_US","Resistor_SMD:R_0805_2012Metric","~","",""
"48","2","R7, R121","312${RES}","Device:R_Small_US","Resistor_SMD:R_0805_2012Metric","~","",""
"49","1","R8","83.2${RES}","Device:R_Small_US","Resistor_SMD:R_0805_2012Metric","~","",""
"50","1","R9","60.9${RES}","Device:R_Small_US","Resistor_SMD:R_0805_2012Metric","~","",""
"51","1","R10","86.7${RES}","Device:R_Small_US","Resistor_SMD:R_0805_2012Metric","~","",""
"52","2","R11, R125","43.4K${RES}","Device:R_Small_US","Resistor_SMD:R_0805_2012Metric","~","",""
"53","1","R12","11.6K${RES}","Device:R_Small_US","Resistor_SMD:R_0805_2012Metric","~","",""
"54","1","R13","16.2K${RES}","Device:R_Small_US","Resistor_SMD:R_0805_2012Metric","~","",""
"55","1","R14","12K${RES}","Device:R_Small_US","Resistor_SMD:R_0805_2012Metric","~","",""
"56","2","R15, R130","17.8K${RES}","Device:R_Small_US","Resistor_SMD:R_0805_2012Metric","~","",""
"57","1","R16","3.91K${RES}","Device:R_Small_US","Resistor_SMD:R_0805_2012Metric","~","",""
"58","1","R17","5.55K${RES}","Device:R_Small_US","Resistor_SMD:R_0805_2012Metric","~","",""
"59","1","R18","4.04K${RES}","Device:R_Small_US","Resistor_SMD:R_0805_2012Metric","~","",""
"60","2","R19, R134","373${RES}","Device:R_Small_US","Resistor_SMD:R_0805_2012Metric","~","",""
"61","1","R20","81.9${RES}","Device:R_Small_US","Resistor_SMD:R_0805_2012Metric","~","",""
"62","1","R21","63.7${RES}","Device:R_Small_US","Resistor_SMD:R_0805_2012Metric","~","",""
"63","1","R22","84.7${RES}","Device:R_Small_US","Resistor_SMD:R_0805_2012Metric","~","",""
"64","2","R23, R138","51.8K${RES}","Device:R_Small_US","Resistor_SMD:R_0805_2012Metric","~","",""
"65","1","R24","11.4K${RES}","Device:R_Small_US","Resistor_SMD:R_0805_2012Metric","~","",""
"66","1","R25","17K${RES}","Device:R_Small_US","Resistor_SMD:R_0805_2012Metric","~","",""
"67","1","R26","11.8K${RES}","Device:R_Small_US","Resistor_SMD:R_0805_2012Metric","~","",""
"68","8","R27, R28, R29, R30, R142, R143, R144, R145","${PEAK-RES}","Device:R_Small_US","Resistor_SMD:R_0805_2012Metric","~","",""
"69","2","R31, R32","10K${RES}","Device:R_Small_US","Resistor_SMD:R_0805_2012Metric","~","",""
"70","1","R33","100K${RES}","Device:R_Small_US","Resistor_SMD:R_0805_2012Metric","~","",""
"71","1","R34","1.5K${RES}","Device:R_Small_US","Resistor_SMD:R_0805_2012Metric","~","",""
"72","1","R35","24K${RES}","Device:R_Small_US","Resistor_SMD:R_0805_2012Metric","~","",""
"73","1","R36","5K${RES}","Device:R_Small_US","Resistor_SMD:R_0805_2012Metric","~","",""
"74","5","R37, R92, R97, R98, R102","100${RES}","Device:R_Small_US","Resistor_SMD:R_0805_2012Metric","~","",""
"75","1","R38","1K${RES}","Device:R_Small_US","Resistor_SMD:R_0805_2012Metric","~","",""
"76","24","R39, R41, R43, R45, R47, R49, R51, R53, R55, R57, R59, R61, R63, R65, R67, R69, R74, R76, R78, R80, R82, R84, R86, R88","${GATE-RES}","Device:R_Small_US","Resistor_SMD:R_0805_2012Metric","~","",""
"77","31","R40, R42, R44, R46, R48, R50, R52, R54, R56, R58, R60, R62, R64, R66, R68, R70, R75, R77, R79, R81, R83, R85, R87, R89, R91, R93, R103, R104, R105, R106, R107","${P-RES}","Device:R_Small_US","Resistor_SMD:R_0805_2012Metric","~","",""
"78","1","R71","15K${RES}","Device:R_Small_US","Resistor_SMD:R_0805_2012Metric","~","",""
"79","1","R72","2.7K${RES}","Device:R_Small_US","Resistor_SMD:R_0805_2012Metric","~","",""
"80","1","R73","7.5K${RES}","Device:R_Small_US","Resistor_SMD:R_0805_2012Metric","~","",""
"81","1","R90","${DCL-RES}","Device:R_Small_US","Resistor_SMD:R_0805_2012Metric","~","",""
"82","4","R95, R96, R99, R100","${DIFF-RES}","Device:R_Small_US","Resistor_SMD:R_0805_2012Metric","~","",""
"83","1","R101","470${RES}","Device:R_Small_US","Resistor_SMD:R_0805_2012Metric","~","",""
"84","8","R108, R109, R110, R111, R112, R113, R114, R115","60m${RES}","Device:R_US","Resistor_SMD:R_2010_5025Metric","~","",""
"85","1","R116","147K${RES}","Device:R_Small_US","Resistor_SMD:R_0805_2012Metric","~","",""
"86","1","R117","39.7K${RES}","Device:R_Small_US","Resistor_SMD:R_0805_2012Metric","~","",""
"87","1","R119","15.9K${RES}","Device:R_Small_US","Resistor_SMD:R_0805_2012Metric","~","",""
"88","1","R120","832${RES}","Device:R_Small_US","Resistor_SMD:R_0805_2012Metric","~","",""
"89","1","R122","155${RES}","Device:R_Small_US","Resistor_SMD:R_0805_2012Metric","~","",""
"90","1","R123","622K${RES}","Device:R_Small_US","Resistor_SMD:R_0805_2012Metric","~","",""
"91","1","R124","116K${RES}","Device:R_Small_US","Resistor_SMD:R_0805_2012Metric","~","",""
"92","1","R126","15.4K${RES}","Device:R_Small_US","Resistor_SMD:R_0805_2012Metric","~","",""
"93","1","R127","9.58K${RES}","Device:R_Small_US","Resistor_SMD:R_0805_2012Metric","~","",""
"94","1","R128","127${RES}","Device:R_Small_US","Resistor_SMD:R_0805_2012Metric","~","",""
"95","1","R129","39.5K${RES}","Device:R_Small_US","Resistor_SMD:R_0805_2012Metric","~","",""
"96","1","R131","17.1K${RES}","Device:R_Small_US","Resistor_SMD:R_0805_2012Metric","~","",""
"97","1","R132","58K${RES}","Device:R_Small_US","Resistor_SMD:R_0805_2012Metric","~","",""
"98","1","R133","828${RES}","Device:R_Small_US","Resistor_SMD:R_0805_2012Metric","~","",""
"99","1","R135","166${RES}","Device:R_Small_US","Resistor_SMD:R_0805_2012Metric","~","",""
"100","1","R136","1.86M${RES}","Device:R_Small_US","Resistor_SMD:R_0805_2012Metric","~","",""
"101","1","R137","115K${RES}","Device:R_Small_US","Resistor_SMD:R_0805_2012Metric","~","",""
"102","1","R139","16.5K${RES}","Device:R_Small_US","Resistor_SMD:R_0805_2012Metric","~","",""
"103","1","R140","9.8K${RES}","Device:R_Small_US","Resistor_SMD:R_0805_2012Metric","~","",""
"104","1","R141","130${RES}","Device:R_Small_US","Resistor_SMD:R_0805_2012Metric","~","",""
"105","1","R146","330${RES}","Device:R_Small_US","Resistor_SMD:R_0805_2012Metric","~","",""
"106","2","RV1, RV2","10K${RES}","Device:R_Potentiometer_US","Potentiometer_THT:Potentiometer_Bourns_3296W_Vertical","~","",""
"107","2","SW1, SW2","PEC12R","Device:RotaryEncoder_Switch","Daxxn_Switches:PEC12R","~","",""
"108","1","U1","24LC04","Memory_EEPROM:24LC04","Package_SO:SOIC-8_3.9x4.9mm_P1.27mm","http://ww1.microchip.com/downloads/en/DeviceDoc/21708K.pdf","",""
"109","1","U2","ADC0838_SOIC20","Daxxn_IC:ADC0838_SOIC20","Package_SO:SOIC-20W_7.5x12.8mm_P1.27mm","C:\Users\Daxxn\Documents\Electrical\Datasheets\ADC0831.pdf","",""
"110","6","U3, U4, U5, U27, U28, U29","LMV324","Amplifier_Operational:LMV324","Package_SO:TSSOP-14_4.4x5mm_P0.65mm","http://www.ti.com/lit/ds/symlink/lmv324.pdf","",""
"111","1","U6","LM358","Amplifier_Operational:LM358","Package_SO:TSSOP-8_4.4x3mm_P0.65mm","http://www.ti.com/lit/ds/symlink/lm2904-n.pdf","",""
"112","1","U7","OPA1652","Daxxn_OPAMP:OPA1652","Package_SO:VSSOP-8_3.0x3.0mm_P0.65mm","C:\Users\Daxxn\Documents\Electrical\Datasheets\OPA1654.pdf","",""
"113","3","U8, U17, U30","PCA9634_TSSOP20","Daxxn_IC:PCA9634_TSSOP20","Package_SO:TSSOP-20_4.4x6.5mm_P0.65mm","C:\Users\Daxxn\Documents\Electrical\Datasheets\PCA9634.pdf","",""
"114","3","U9, U22, U31","SQ2310ES_SOT23",":SQ2310ES_SOT23_1","Package_TO_SOT_SMD:SOT-23","C:\Users\Daxxn\Documents\Electrical\Datasheets\SQ2310ES.pdf","",""
"115","3","U10, U20, U32","SQ2310ES_SOT23","Daxxn_Transistors:SQ2310ES_SOT23","Package_TO_SOT_SMD:SOT-23","C:\Users\Daxxn\Documents\Electrical\Datasheets\SQ2310ES.pdf","",""
"116","3","U11, U21, U35","SQ2310ES_SOT23",":SQ2310ES_SOT23_3","Package_TO_SOT_SMD:SOT-23","C:\Users\Daxxn\Documents\Electrical\Datasheets\SQ2310ES.pdf","",""
"117","3","U12, U18, U34","SQ2310ES_SOT23",":SQ2310ES_SOT23_2","Package_TO_SOT_SMD:SOT-23","C:\Users\Daxxn\Documents\Electrical\Datasheets\SQ2310ES.pdf","",""
"118","3","U13, U19, U33","SQ2310ES_SOT23",":SQ2310ES_SOT23_4","Package_TO_SOT_SMD:SOT-23","C:\Users\Daxxn\Documents\Electrical\Datasheets\SQ2310ES.pdf","",""
"119","3","U14, U24, U36","SQ2310ES_SOT23",":SQ2310ES_SOT23_5","Package_TO_SOT_SMD:SOT-23","C:\Users\Daxxn\Documents\Electrical\Datasheets\SQ2310ES.pdf","",""
"120","3","U15, U25, U37","SQ2310ES_SOT23",":SQ2310ES_SOT23_6","Package_TO_SOT_SMD:SOT-23","C:\Users\Daxxn\Documents\Electrical\Datasheets\SQ2310ES.pdf","",""
"121","3","U16, U23, U38","SQ2310ES_SOT23",":SQ2310ES_SOT23_7","Package_TO_SOT_SMD:SOT-23","C:\Users\Daxxn\Documents\Electrical\Datasheets\SQ2310ES.pdf","",""
"122","1","U26","LM22673-SOIC","Daxxn_Regulators:LM22673-SOIC","Daxxn_Packages:SOIC-8-1EP_3.9x4.9mm_P1.27mm_EP2.29x3mm_ThermalVias","C:\Users\Daxxn\Documents\Electrical\Datasheets\LM22673.pdf","",""
"123","1","U39","74HCT2G08","Daxxn_Logic:74HCT2G08","Package_SO:TSSOP-8_3x3mm_P0.65mm","C:\Users\Daxxn\Documents\Electrical\Datasheets\74HC2G08.pdf","",""
"124","2","U40, U41","SSM3K361R_SOT23F","Daxxn_Transistors:SSM3K361R_SOT23F","Package_TO_SOT_SMD:SOT-23","C:\Users\Daxxn\Documents\Electrical\Datasheets\SSM3K361R.pdf","",""
"125","2","U42, U43","INA4181 A2","Daxxn_IC:INA4181","Package_SO:TSSOP-20_4.4x6.5mm_P0.65mm","C:\Users\Daxxn\Documents\Electrical\Datasheets\INA181.pdf","",""
"126","1","Y1","16MHz","Device:Resonator_Small","Crystal:Resonator_SMD_Murata_CSTxExxV-3Pin_3.0x1.1mm","~","",""
